[
  {
    "id": 11001,
    "name": "VIP休息室",
    "type": 0,
    "floorCoin": 12,
    "coin": 900,
    "needCoin": 0,
    "time": 6,
    "icon": "wangwanting"
  },
  {
    "id": 11002,
    "name": "仓库",
    "type": 1,
    "floorCoin": 1,
    "needCoin": 0,
    "coin": 700,
    "time": 16,
    "icon": "wangying"
  },
  {
    "id": 11003,
    "name": "居家小屋",
    "type": 2,
    "floorCoin": 25,
    "coin": 700,
    "needCoin": 1000,
    "time": 17,
    "icon": "caoning"
  },
  {
    "id": 11004,
    "name": "待嫁礼服",
    "type": 3,
    "floorCoin": 12,
    "coin": 300,
    "time": 11,
    "needCoin": 2000,
    "icon": "minmeifeng"
  },
  {
    "id": 11005,
    "name": "游戏中心",
    "type": 3,
    "floorCoin": 32,
    "coin": 8,
    "time": 17,
    "needCoin": 3000,
    "icon": "baochengle"
  },
  {
    "id": 11006,
    "name": "海外贸易",
    "type": 3,
    "floorCoin": 12,
    "coin": 900,
    "time": 6,
    "needCoin": 4000,
    "icon": "wangwanting"
  },
  {
    "id": 11007,
    "name": "海外贸易",
    "type": 3,
    "floorCoin": 12,
    "coin": 900,
    "time": 6,
    "needCoin": 2200,
    "icon": "wangwanting"
  },
  {
    "id": 11008,
    "name": "女生照相馆",
    "floorCoin": 12,
    "type": 3,
    "coin": 900,
    "time": 6,
    "needCoin": 3000,
    "icon": "wangwanting"
  },
  {
    "id": 11009,
    "name": "时光餐厅",
    "floorCoin": 12,
    "type": 3,
    "coin": 900,
    "time": 6,
    "needCoin": 2020,
    "icon": "wangwanting"
  },
  {
    "id": 11010,
    "name": "时尚造型",
    "floorCoin": 12,
    "type": 3,
    "coin": 900,
    "time": 6,
    "needCoin": 4000,
    "icon": "shishangzaoxing"
  },
  {
    "id": 11011,
    "name": "时尚摄影",
    "floorCoin": 12,
    "type": 3,
    "coin": 900,
    "time": 6,
    "needCoin": 4100,
    "icon": "时尚摄影"
  },
  {
    "id": 11012,
    "name": "名师补习班",
    "floorCoin": 12,
    "type": 3,
    "coin": 29,
    "time": 62,
    "needCoin": 3300,
    "icon": "mingshibuxiban"
  },
  {
    "id": 11013,
    "name": "相声茶馆",
    "floorCoin": 12,
    "type": 3,
    "coin": 29,
    "time": 62,
    "needCoin": 4000,
    "icon": "xiangshengchaguan"
  },
  {
    "id": 11014,
    "name": "真品首饰",
    "floorCoin": 12,
    "type": 3,
    "coin": 29,
    "time": 62,
    "needCoin": 3400,
    "icon": "zhenpinshoushi"
  },
  {
    "id": 110300,
    "name": "名师补习班",
    "floorCoin": 12,
    "type": 3,
    "coin": 29,
    "time": 6,
    "needCoin": 5400,
    "icon": "mingshibuxiban"
  },
  {
    "id": 11016,
    "name": "爱心学堂",
    "floorCoin": 12,
    "type": 3,
    "coin": 29,
    "time": 6,
    "needCoin": 3400,
    "icon": "aixinxuetang"
  },
  {
    "id": 11017,
    "name": "爱心别墅",
    "floorCoin": 132,
    "type": 2,
    "coin": 2900,
    "time": 6,
    "needCoin": 2320,
    "icon": "aixinbieshu"
  },
  {
    "id": 110700,
    "name": "白领小屋",
    "floorCoin": 12,
    "type": 2,
    "coin": 29,
    "time": 62,
    "needCoin": 4500,
    "icon": "bailingxiaowu"
  },
  {
    "id": 11019,
    "name": "青春别墅",
    "floorCoin": 12,
    "type": 2,
    "coin": 29,
    "time": 62,
    "needCoin": 3400,
    "icon": "qingchubieshu"
  },
  {
    "id": 11020,
    "name": "蓝色公寓",
    "floorCoin": 12,
    "type": 2,
    "coin": 29,
    "time": 62,
    "needCoin": 4400,
    "icon": "lansegongyu"
  },
  {
    "id": 11021,
    "name": "高级别墅",
    "floorCoin": 12,
    "type": 2,
    "coin": 29,
    "time": 62,
    "needCoin": 3400,
    "icon": "gaojibieshu"
  },
  {
    "id": 11022,
    "name": "迷你小屋",
    "floorCoin": 12,
    "type": 2,
    "coin": 29,
    "time": 62,
    "needCoin": 2200,
    "icon": "minixiaowu"
  },
  {
    "id": 11023,
    "name": "大学宿舍",
    "floorCoin": 12,
    "type": 2,
    "coin": 29,
    "time": 62,
    "needCoin": 2230,
    "icon": "daxuesushe"
  },
  {
    "id": 11024,
    "name": "女生别墅",
    "floorCoin": 12,
    "type": 2,
    "coin": 29,
    "time": 62,
    "needCoin": 5000,
    "icon": "nvshengbieshu"
  },
  {
    "id": 11025,
    "name": "名牌折扣店",
    "floorCoin": 12,
    "type": 4,
    "coin": 29,
    "time": 62,
    "needCoin": 3200,
    "icon": "mingpaizhekoudian"
  },
  {
    "id": 11026,
    "name": "海贼餐厅",
    "floorCoin": 12,
    "type": 4,
    "coin": 29,
    "time": 62,
    "needCoin": 2600,
    "icon": "haizeicanting"
  },
  {
    "id": 11025,
    "name": "太空商店",
    "floorCoin": 12,
    "type": 4,
    "coin": 29,
    "time": 62,
    "needCoin": 2000,
    "icon": "taikongshangdian"
  },
  {
    "id": 13001,
    "name": "毛坯房",
    "type": 5,
    "floorCoin": 1,
    "coin": 300,
    "time": 2,
    "needCoin": 0,
    "icon": "maopi"
  }
]