[
  {
    "day": 1,
    "rewardTypes": [
      "gold"
    ],
    "rewardIds": [
      -1
    ],
    "rewardNums": [
      2000
    ]
  },
  {
    "day": 2,
    "rewardTypes": [
      "gold"
    ],
    "rewardIds": [
      -1
    ],
    "rewardNums": [
      3000
    ]
  }
  ,
  {
    "day": 3,
    "rewardTypes": [
      "gold"
    ],
    "rewardIds": [
      -1
    ],
    "rewardNums": [
      4000
    ]
  },
  {
    "day": 4,
    "rewardTypes": [
      "gold"
    ],
    "rewardIds": [
      -1
    ],
    "rewardNums": [
      5000
    ]
  },
  {
    "day": 5,
    "rewardTypes": [
      "gold"
    ],
    "rewardIds": [
      -1
    ],
    "rewardNums": [
      7000
    ]
  },
  {
    "day": 6,
    "rewardTypes": [
      "gold"
    ],
    "rewardIds": [
      -1
    ],
    "rewardNums": [
      8000
    ]
  },
  {
    "day": 7,
    "rewardTypes": [
      "gold"
    ],
    "rewardIds": [
      -1
    ],
    "rewardNums": [
      9000
    ]
  },
  {
    "day": 8,
    "rewardTypes": [
      "gold"
    ],
    "rewardIds": [
      -2
    ],
    "rewardNums": [
      20
    ]
  },
  {
    "day": 9,
    "rewardTypes": [
      "gold"
    ],
    "rewardIds": [
      -1
    ],
    "rewardNums": [
      150000
    ]
  },
  {
    "day": 10,
    "rewardTypes": [
      "gold"
    ],
    "rewardIds": [
      -1
    ],
    "rewardNums": [
      180000
    ]
  }
]