[

   {
    "id": 0,
    "name": "王婉婷",  
    "needMoney": 60,
    "icon": "leilei4_png"
    
  },
  {
    "id": 1,
    "name": "王婉婷",  
    "needMoney": 60,
    "icon": "leilei0_png"
    
  },
  {
    "id": 2,
    "name": "王莺",
  
    "needMoney": 16,
    "icon": "leilei1_png"
    
  },
  {
    "id": 3,
    "name": "曹宁",
    
    "needMoney": 50,
    "icon": "leilei2_png"
    
  },
  {
    "id": 4,
    "name": "闵妹枫",
    "needMoney": 30,
    "icon": "leilei3_png"
    
  }
  
]