[
  {
    "id": 0,
    "name": "王婉婷",
    "idealWork": "爱心学堂",
    "guanLi": 12,
    "caiGou": 39,
    "xiaoShou": 6,
    "icon": "leilei0",
    "animation": "1_ani"
  },
  {
    "id": 1,
    "name": "王莺",
    "idealWork": "婚纱艺术馆",
    "guanLi": 1,
    "caiGou": 18,
    "xiaoShou": 16,
    "icon": "leilei1",
    "animation": "2_ani"
  },
  {
    "id": 2,
    "name": "曹宁",
    "idealWork": "爱心学堂",
    "guanLi": 25,
    "caiGou": 27,
    "xiaoShou": 17,
    "icon": "leilei2",
    "animation": "3_ani"
  },
  {
    "id": 3,
    "name": "闵妹枫",
    "idealWork": "海贼餐厅",
    "guanLi": 12,
    "caiGou": 15,
    "xiaoShou": 11,
    "icon": "leilei3",
    "animation": "4_ani"
  },
  {
    "id": 4,
    "name": "鲍诚乐",
    "idealWork": "真品首饰",
    "guanLi": 32,
    "caiGou": 8,
    "xiaoShou": 17,
    "icon": "leilei0",
    "animation": "5_ani"
  },
  {
    "id": 5,
    "name": "詹台怡",
    "idealWork": "漫舞俱乐部",
    "guanLi": 12,
    "caiGou": 39,
    "xiaoShou": 6,
    "icon": "leilei0",
    "animation": "1_ani"
  },
  {
    "id": 6,
    "name": "纪蓓",
    "idealWork": "经典礼物",
    "guanLi": 1,
    "caiGou": 15,
    "xiaoShou": 2,
    "icon": "leilei0",
    "animation": "2_ani"
  },
  {
    "id": 7,
    "name": "王婉婷",
    "idealWork": "爱心学堂",
    "guanLi": 12,
    "caiGou": 39,
    "xiaoShou": 6,
    "icon": "leilei0",
    "animation": "3_ani"
  },
  {
    "id": 8,
    "name": "骆亚",
    "idealWork": "天天美容院",
    "guanLi": 9,
    "caiGou": 6,
    "xiaoShou": 13,
    "icon": "leilei0",
    "animation": "4_ani"
  },
  {
    "id": 9,
    "name": "嗯哼",
    "idealWork": "爱心学堂",
    "guanLi": 12,
    "caiGou": 33,
    "xiaoShou": 5,
    "icon": "leilei0",
    "animation": "5_ani"
  },
  {
    "id": 10,
    "name": "啊哈",
    "idealWork": "爱心学堂",
    "guanLi": 2,
    "caiGou": 9,
    "xiaoShou": 6,
    "icon": "leilei0",
    "animation": "1_ani"
  }
]