[
  {
    "id": 10000,
    "name": "初具规模",
    "describe": "楼数达到12层",
    "tatal": 12,
    "rewardTypes": [
      "gold"
    ],
    "rewardIds": [
      -2
    ],
    "rewardNums": [
      20
    ]
  
    
  },
  {
    "id": 10001,
    "name": "充足人力",
    "describe": "在住宅内招租4名居民",
    "tatal": 4,
    "rewardTypes": [
      "gold"
    ],
    "rewardIds": [
      -2
    ],
    "rewardNums": [
      20
    ]
  
  },
   {
    "id": 10002,
    "name": "星光闪闪",
    "describe": "在住宅内招租1个名人",
    "tatal": 1,
    "rewardTypes": [
      "gold"
    ],
    "rewardIds": [
      -2
    ],
    "rewardNums": [
      20
    ]
  
  },
   {
    "id": 10003,
    "name": "贵宾驾到",
    "describe": "拥有一个紫色居民",
    "tatal": 1,
    "rewardTypes": [
      "gold"
    ],
    "rewardIds": [
      -2
    ],
    "rewardNums": [
      20
    ]
  
  },
   {
    "id": 10004,
    "name": "你中奖了",
    "describe": "拥有一个橙色居民",
    "tatal": 1,
    "rewardTypes": [
      "gold"
    ],
    "rewardIds": [
      -2
    ],
    "rewardNums": [
      20
    ]
  
  },
   {
    "id": 10005,
    "name": "美梦成真",
    "describe": "为一个居民找到工作",
    "tatal": 1,
    "rewardTypes": [
      "gold"
    ],
    "rewardIds": [
      -2
    ],
    "rewardNums": [
      20
    ]
  
  },
  {
    "id": 10006,
    "name": "笑脸迎宾",
    "describe": "使用电梯50次",
    "tatal": 50,
    "rewardTypes": [
      "gold"
    ],
    "rewardIds": [
      -2
    ],
    "rewardNums": [
      20
    ]
  
  },
   {
    "id": 10007,
    "name": "明星效应",
    "describe": "使用5次VIP",
    "tatal": 5,
    "rewardTypes": [
      "gold"
    ],
    "rewardIds": [
      -2
    ],
    "rewardNums": [
      20
    ]
  
  }

]