{"mc":{
	"1_ani":{
		"frameRate":24,
		"labels":[
			{"name":"move","frame":1,"end":17}
			,{"name":"idle","frame":18,"end":27}
			
			],
		"events":[
			
			],
		"frames":[
			
			{
			"res":"move0001",
			"x":3,
			"y":2
			},
			{
			"res":"move0002",
			"x":3,
			"y":3
			},
			{
			"res":"move0003",
			"x":2,
			"y":3
			},
			{
			"res":"move0004",
			"x":2,
			"y":3
			},
			{
			"res":"move0005",
			"x":2,
			"y":4
			},
			{
			"res":"move0006",
			"x":1,
			"y":3
			},
			{
			"res":"move0007",
			"x":1,
			"y":3
			},
			{
			"res":"move0008",
			"x":1,
			"y":3
			},
			{
			"res":"move0009",
			"x":1,
			"y":2
			},
			{
			"res":"move0010",
			"x":1,
			"y":3
			},
			{
			"res":"move0011",
			"x":1,
			"y":4
			},
			{
			"res":"move0012",
			"x":0,
			"y":4
			},
			{
			"res":"move0013",
			"x":1,
			"y":4
			},
			{
			"res":"move0014",
			"x":1,
			"y":3
			},
			{
			"res":"move0015",
			"x":2,
			"y":3
			},
			{
			"res":"move0016",
			"x":2,
			"y":2
			},
			{
			"res":"move0017",
			"x":3,
			"y":2
			},
			{
			"res":"idle0001",
			"x":5,
			"y":2
			},
			{
			"res":"idle0002",
			"x":5,
			"y":2
			},
			{
			"res":"idle0003",
			"x":4,
			"y":2
			},
			{
			"res":"idle0004",
			"x":3,
			"y":2
			},
			{
			"res":"idle0005",
			"x":2,
			"y":2
			},
			{
			"res":"idle0006",
			"x":3,
			"y":2
			},
			{
			"res":"idle0007",
			"x":3,
			"y":2
			},
			{
			"res":"idle0008",
			"x":4,
			"y":2
			},
			{
			"res":"idle0009",
			"x":5,
			"y":2
			},
			{
			"res":"idle0010",
			"x":5,
			"y":2
			}
			]
}},
	"res":{
		"idle0004":{"x":308,"y":119,"w":75,"h":116},
		"move0013":{"x":308,"y":355,"w":75,"h":115},
		"move0010":{"x":154,"y":119,"w":75,"h":117},
		"move0015":{"x":385,"y":237,"w":75,"h":116},
		"move0004":{"x":231,"y":355,"w":75,"h":116},
		"idle0005":{"x":154,"y":238,"w":75,"h":116},
		"move0014":{"x":0,"y":119,"w":75,"h":117},
		"idle0008":{"x":231,"y":119,"w":75,"h":116},
		"idle0010":{"x":308,"y":237,"w":75,"h":116},
		"idle0006":{"x":0,"y":238,"w":75,"h":116},
		"idle0007":{"x":231,"y":237,"w":75,"h":116},
		"move0003":{"x":386,"y":0,"w":75,"h":117},
		"move0011":{"x":76,"y":356,"w":74,"h":116},
		"move0017":{"x":232,"y":0,"w":75,"h":117},
		"move0001":{"x":232,"y":0,"w":75,"h":117},
		"move0005":{"x":385,"y":355,"w":75,"h":115},
		"idle0002":{"x":308,"y":472,"w":74,"h":116},
		"move0012":{"x":385,"y":119,"w":75,"h":116},
		"move0007":{"x":78,"y":0,"w":75,"h":117},
		"move0016":{"x":77,"y":119,"w":75,"h":117},
		"move0002":{"x":77,"y":238,"w":75,"h":116},
		"idle0009":{"x":0,"y":356,"w":74,"h":116},
		"move0009":{"x":309,"y":0,"w":75,"h":117},
		"idle0001":{"x":308,"y":237,"w":75,"h":116},
		"move0008":{"x":155,"y":0,"w":75,"h":117},
		"idle0003":{"x":152,"y":356,"w":74,"h":116},
		"move0006":{"x":0,"y":0,"w":76,"h":117}
	}}