{"mc":{
	"2_ani":{
		"frameRate":24,
		"labels":[
			{"name":"move","frame":1,"end":17}
			,{"name":"idle","frame":18,"end":32}
			
			],
		"events":[
			
			],
		"frames":[
			
			{
			"res":"Untitled-30001",
			"x":0,
			"y":0
			},
			{
			"res":"Untitled-30002",
			"x":0,
			"y":0
			},
			{
			"res":"Untitled-30003",
			"x":0,
			"y":0
			},
			{
			"res":"Untitled-30004",
			"x":0,
			"y":1
			},
			{
			"res":"Untitled-30005",
			"x":0,
			"y":1
			},
			{
			"res":"Untitled-30006",
			"x":0,
			"y":0
			},
			{
			"res":"Untitled-30007",
			"x":0,
			"y":0
			},
			{
			"res":"Untitled-30008",
			"x":0,
			"y":0
			},
			{
			"res":"Untitled-30009",
			"x":0,
			"y":0
			},
			{
			"res":"Untitled-30010",
			"x":0,
			"y":0
			},
			{
			"res":"Untitled-30011",
			"x":0,
			"y":1
			},
			{
			"res":"Untitled-30012",
			"x":0,
			"y":1
			},
			{
			"res":"Untitled-30013",
			"x":0,
			"y":1
			},
			{
			"res":"Untitled-30014",
			"x":0,
			"y":0
			},
			{
			"res":"Untitled-30015",
			"x":0,
			"y":0
			},
			{
			"res":"Untitled-30016",
			"x":0,
			"y":0
			},
			{
			"res":"Untitled-30017",
			"x":0,
			"y":0
			},
			{
			"res":"Untitled-40001",
			"x":12,
			"y":3
			},
			{
			"res":"Untitled-40002",
			"x":11,
			"y":3
			},
			{
			"res":"Untitled-40003",
			"x":9,
			"y":3
			},
			{
			"res":"Untitled-40004",
			"x":8,
			"y":2
			},
			{
			"res":"Untitled-40005",
			"x":7,
			"y":2
			},
			{
			"res":"Untitled-40006",
			"x":7,
			"y":2
			},
			{
			"res":"Untitled-40007",
			"x":8,
			"y":2
			},
			{
			"res":"Untitled-40008",
			"x":8,
			"y":2
			},
			{
			"res":"Untitled-40009",
			"x":8,
			"y":2
			},
			{
			"res":"Untitled-40010",
			"x":7,
			"y":2
			},
			{
			"res":"Untitled-40011",
			"x":7,
			"y":2
			},
			{
			"res":"Untitled-40012",
			"x":8,
			"y":2
			},
			{
			"res":"Untitled-40013",
			"x":9,
			"y":3
			},
			{
			"res":"Untitled-40014",
			"x":11,
			"y":3
			},
			{
			"res":"Untitled-40015",
			"x":12,
			"y":3
			}
			]
}},
	"res":{
		"Untitled-30007":{"x":288,"y":143,"w":69,"h":141},
		"Untitled-30003":{"x":143,"y":426,"w":69,"h":140},
		"Untitled-30001":{"x":285,"y":428,"w":69,"h":139},
		"Untitled-40010":{"x":219,"y":0,"w":71,"h":141},
		"Untitled-30014":{"x":215,"y":285,"w":69,"h":140},
		"Untitled-40002":{"x":72,"y":143,"w":70,"h":140},
		"Untitled-30013":{"x":357,"y":427,"w":69,"h":139},
		"Untitled-30015":{"x":430,"y":285,"w":69,"h":140},
		"Untitled-30006":{"x":72,"y":285,"w":69,"h":141},
		"Untitled-30010":{"x":0,"y":286,"w":69,"h":140},
		"Untitled-40001":{"x":216,"y":143,"w":70,"h":140},
		"Untitled-40003":{"x":365,"y":0,"w":71,"h":140},
		"Untitled-30011":{"x":71,"y":428,"w":69,"h":139},
		"Untitled-30017":{"x":285,"y":428,"w":69,"h":139},
		"Untitled-40015":{"x":216,"y":143,"w":70,"h":140},
		"Untitled-30002":{"x":286,"y":286,"w":69,"h":140},
		"Untitled-40004":{"x":146,"y":0,"w":71,"h":141},
		"Untitled-30009":{"x":143,"y":285,"w":70,"h":139},
		"Untitled-40011":{"x":292,"y":0,"w":71,"h":141},
		"Untitled-40009":{"x":437,"y":142,"w":70,"h":141},
		"Untitled-40008":{"x":365,"y":142,"w":70,"h":141},
		"Untitled-30004":{"x":142,"y":568,"w":68,"h":139},
		"Untitled-30016":{"x":428,"y":427,"w":69,"h":139},
		"Untitled-30005":{"x":0,"y":428,"w":69,"h":139},
		"Untitled-40005":{"x":292,"y":0,"w":71,"h":141},
		"Untitled-30008":{"x":359,"y":285,"w":69,"h":140},
		"Untitled-40014":{"x":144,"y":143,"w":70,"h":140},
		"Untitled-40012":{"x":0,"y":0,"w":71,"h":141},
		"Untitled-40013":{"x":438,"y":0,"w":71,"h":140},
		"Untitled-40007":{"x":0,"y":143,"w":70,"h":141},
		"Untitled-30012":{"x":214,"y":427,"w":69,"h":139},
		"Untitled-40006":{"x":73,"y":0,"w":71,"h":141}
	}}