{"mc":{
	"3_ani":{
		"frameRate":24,
		"labels":[
			{"name":"move","frame":1,"end":17}
			,{"name":"idle","frame":18,"end":27}
			
			],
		"events":[
			
			],
		"frames":[
			
			{
			"res":"Untitled-50001",
			"x":1,
			"y":0
			},
			{
			"res":"Untitled-50002",
			"x":1,
			"y":1
			},
			{
			"res":"Untitled-50003",
			"x":1,
			"y":1
			},
			{
			"res":"Untitled-50004",
			"x":0,
			"y":2
			},
			{
			"res":"Untitled-50005",
			"x":0,
			"y":1
			},
			{
			"res":"Untitled-50006",
			"x":1,
			"y":1
			},
			{
			"res":"Untitled-50007",
			"x":1,
			"y":1
			},
			{
			"res":"Untitled-50008",
			"x":1,
			"y":0
			},
			{
			"res":"Untitled-50009",
			"x":1,
			"y":0
			},
			{
			"res":"Untitled-50010",
			"x":1,
			"y":1
			},
			{
			"res":"Untitled-50011",
			"x":1,
			"y":1
			},
			{
			"res":"Untitled-50012",
			"x":0,
			"y":2
			},
			{
			"res":"Untitled-50013",
			"x":0,
			"y":1
			},
			{
			"res":"Untitled-50014",
			"x":1,
			"y":1
			},
			{
			"res":"Untitled-50015",
			"x":1,
			"y":1
			},
			{
			"res":"Untitled-50016",
			"x":1,
			"y":0
			},
			{
			"res":"Untitled-50017",
			"x":1,
			"y":0
			},
			{
			"res":"Untitled-60001",
			"x":1,
			"y":3
			},
			{
			"res":"Untitled-60002",
			"x":1,
			"y":2
			},
			{
			"res":"Untitled-60003",
			"x":2,
			"y":2
			},
			{
			"res":"Untitled-60004",
			"x":2,
			"y":2
			},
			{
			"res":"Untitled-60005",
			"x":2,
			"y":2
			},
			{
			"res":"Untitled-60006",
			"x":2,
			"y":2
			},
			{
			"res":"Untitled-60007",
			"x":2,
			"y":2
			},
			{
			"res":"Untitled-60008",
			"x":2,
			"y":2
			},
			{
			"res":"Untitled-60009",
			"x":1,
			"y":3
			},
			{
			"res":"Untitled-60010",
			"x":1,
			"y":3
			}
			]
}},
	"res":{
		"Untitled-60010":{"x":0,"y":405,"w":85,"h":131},
		"Untitled-50011":{"x":348,"y":402,"w":84,"h":133},
		"Untitled-50015":{"x":174,"y":135,"w":85,"h":132},
		"Untitled-50002":{"x":0,"y":538,"w":84,"h":132},
		"Untitled-50003":{"x":86,"y":670,"w":84,"h":132},
		"Untitled-50005":{"x":174,"y":269,"w":85,"h":132},
		"Untitled-50008":{"x":0,"y":0,"w":85,"h":134},
		"Untitled-60006":{"x":348,"y":0,"w":85,"h":132},
		"Untitled-50016":{"x":174,"y":0,"w":85,"h":133},
		"Untitled-60009":{"x":172,"y":403,"w":85,"h":131},
		"Untitled-50007":{"x":261,"y":0,"w":85,"h":133},
		"Untitled-60002":{"x":87,"y":136,"w":85,"h":132},
		"Untitled-60003":{"x":173,"y":536,"w":84,"h":132},
		"Untitled-50001":{"x":261,"y":269,"w":85,"h":132},
		"Untitled-50014":{"x":259,"y":536,"w":84,"h":132},
		"Untitled-60004":{"x":348,"y":134,"w":85,"h":132},
		"Untitled-50012":{"x":348,"y":268,"w":85,"h":132},
		"Untitled-50004":{"x":259,"y":403,"w":85,"h":131},
		"Untitled-50006":{"x":86,"y":270,"w":84,"h":133},
		"Untitled-50017":{"x":261,"y":269,"w":85,"h":132},
		"Untitled-50013":{"x":261,"y":135,"w":85,"h":132},
		"Untitled-50010":{"x":0,"y":270,"w":84,"h":133},
		"Untitled-50009":{"x":87,"y":0,"w":85,"h":134},
		"Untitled-60007":{"x":87,"y":536,"w":84,"h":132},
		"Untitled-60001":{"x":0,"y":405,"w":85,"h":131},
		"Untitled-60005":{"x":0,"y":136,"w":85,"h":132},
		"Untitled-60008":{"x":345,"y":537,"w":84,"h":132}
	}}