{"mc":{
	"4_ani":{
		"frameRate":24,
		"labels":[
			{"name":"move","frame":1,"end":17}
			,{"name":"idle","frame":18,"end":34}
			
			],
		"events":[
			
			],
		"frames":[
			
			{
			"res":"move0001",
			"x":0,
			"y":0
			},
			{
			"res":"move0002",
			"x":0,
			"y":1
			},
			{
			"res":"move0003",
			"x":0,
			"y":1
			},
			{
			"res":"move0004",
			"x":0,
			"y":1
			},
			{
			"res":"move0005",
			"x":0,
			"y":1
			},
			{
			"res":"move0006",
			"x":0,
			"y":1
			},
			{
			"res":"move0007",
			"x":0,
			"y":1
			},
			{
			"res":"move0008",
			"x":0,
			"y":1
			},
			{
			"res":"move0009",
			"x":0,
			"y":0
			},
			{
			"res":"move0010",
			"x":0,
			"y":1
			},
			{
			"res":"move0011",
			"x":0,
			"y":1
			},
			{
			"res":"move0012",
			"x":0,
			"y":1
			},
			{
			"res":"move0013",
			"x":0,
			"y":1
			},
			{
			"res":"move0014",
			"x":0,
			"y":1
			},
			{
			"res":"move0015",
			"x":0,
			"y":1
			},
			{
			"res":"move0016",
			"x":0,
			"y":1
			},
			{
			"res":"move0017",
			"x":0,
			"y":0
			},
			{
			"res":"newIdle0001",
			"x":0,
			"y":0
			},
			{
			"res":"newIdle0002",
			"x":0,
			"y":0
			},
			{
			"res":"newIdle0003",
			"x":0,
			"y":0
			},
			{
			"res":"newIdle0004",
			"x":0,
			"y":1
			},
			{
			"res":"newIdle0005",
			"x":0,
			"y":1
			},
			{
			"res":"newIdle0006",
			"x":0,
			"y":1
			},
			{
			"res":"newIdle0007",
			"x":0,
			"y":1
			},
			{
			"res":"newIdle0008",
			"x":0,
			"y":1
			},
			{
			"res":"newIdle0009",
			"x":0,
			"y":0
			},
			{
			"res":"newIdle0010",
			"x":0,
			"y":0
			},
			{
			"res":"newIdle0011",
			"x":0,
			"y":0
			},
			{
			"res":"newIdle0012",
			"x":0,
			"y":1
			},
			{
			"res":"newIdle0013",
			"x":0,
			"y":1
			},
			{
			"res":"newIdle0014",
			"x":0,
			"y":1
			},
			{
			"res":"newIdle0015",
			"x":0,
			"y":1
			},
			{
			"res":"newIdle0016",
			"x":0,
			"y":1
			},
			{
			"res":"newIdle0017",
			"x":0,
			"y":0
			}
			]
}},
	"res":{
		"move0002":{"x":425,"y":107,"w":83,"h":105},
		"newIdle0002":{"x":170,"y":108,"w":83,"h":105},
		"newIdle0004":{"x":252,"y":215,"w":82,"h":105},
		"move0012":{"x":84,"y":217,"w":82,"h":105},
		"newIdle0006":{"x":252,"y":215,"w":82,"h":105},
		"newIdle0009":{"x":85,"y":0,"w":83,"h":107},
		"move0014":{"x":168,"y":322,"w":82,"h":105},
		"newIdle0001":{"x":170,"y":108,"w":83,"h":105},
		"newIdle0008":{"x":252,"y":215,"w":82,"h":105},
		"newIdle0005":{"x":252,"y":215,"w":82,"h":105},
		"newIdle0015":{"x":0,"y":109,"w":82,"h":106},
		"newIdle0010":{"x":85,"y":0,"w":83,"h":107},
		"move0005":{"x":336,"y":215,"w":82,"h":105},
		"move0004":{"x":0,"y":217,"w":82,"h":105},
		"move0006":{"x":420,"y":321,"w":82,"h":105},
		"newIdle0013":{"x":0,"y":109,"w":82,"h":106},
		"move0009":{"x":0,"y":0,"w":83,"h":107},
		"move0016":{"x":425,"y":0,"w":83,"h":105},
		"move0017":{"x":340,"y":108,"w":83,"h":105},
		"newIdle0012":{"x":0,"y":109,"w":82,"h":106},
		"move0001":{"x":340,"y":108,"w":83,"h":105},
		"move0010":{"x":255,"y":0,"w":83,"h":106},
		"move0008":{"x":170,"y":0,"w":83,"h":106},
		"newIdle0016":{"x":0,"y":109,"w":82,"h":106},
		"move0011":{"x":84,"y":109,"w":82,"h":106},
		"move0013":{"x":425,"y":214,"w":82,"h":105},
		"newIdle0014":{"x":0,"y":109,"w":82,"h":106},
		"newIdle0003":{"x":170,"y":108,"w":83,"h":105},
		"move0007":{"x":340,"y":0,"w":83,"h":106},
		"move0015":{"x":255,"y":108,"w":83,"h":105},
		"newIdle0011":{"x":85,"y":0,"w":83,"h":107},
		"newIdle0017":{"x":170,"y":108,"w":83,"h":105},
		"move0003":{"x":168,"y":215,"w":82,"h":105},
		"newIdle0007":{"x":252,"y":215,"w":82,"h":105}
	}}