{"mc":{
	"5_ani":{
		"frameRate":24,
		"labels":[
			{"name":"move","frame":1,"end":17}
			,{"name":"idle","frame":18,"end":27}
			
			],
		"events":[
			
			],
		"frames":[
			
			{
			"res":"move0001",
			"x":3,
			"y":3
			},
			{
			"res":"move0002",
			"x":2,
			"y":4
			},
			{
			"res":"move0003",
			"x":2,
			"y":4
			},
			{
			"res":"move0004",
			"x":1,
			"y":4
			},
			{
			"res":"move0005",
			"x":2,
			"y":4
			},
			{
			"res":"move0006",
			"x":2,
			"y":4
			},
			{
			"res":"move0007",
			"x":2,
			"y":4
			},
			{
			"res":"move0008",
			"x":3,
			"y":3
			},
			{
			"res":"move0009",
			"x":3,
			"y":3
			},
			{
			"res":"move0010",
			"x":2,
			"y":4
			},
			{
			"res":"move0011",
			"x":2,
			"y":4
			},
			{
			"res":"move0012",
			"x":1,
			"y":4
			},
			{
			"res":"move0013",
			"x":2,
			"y":4
			},
			{
			"res":"move0014",
			"x":2,
			"y":4
			},
			{
			"res":"move0015",
			"x":2,
			"y":4
			},
			{
			"res":"move0016",
			"x":3,
			"y":3
			},
			{
			"res":"move0017",
			"x":3,
			"y":3
			},
			{
			"res":"idle0001",
			"x":1,
			"y":3
			},
			{
			"res":"idle0002",
			"x":2,
			"y":3
			},
			{
			"res":"idle0003",
			"x":3,
			"y":4
			},
			{
			"res":"idle0004",
			"x":4,
			"y":4
			},
			{
			"res":"idle0005",
			"x":4,
			"y":4
			},
			{
			"res":"idle0006",
			"x":4,
			"y":4
			},
			{
			"res":"idle0007",
			"x":3,
			"y":4
			},
			{
			"res":"idle0008",
			"x":2,
			"y":4
			},
			{
			"res":"idle0009",
			"x":2,
			"y":3
			},
			{
			"res":"idle0010",
			"x":1,
			"y":3
			}
			]
}},
	"res":{
		"move0006":{"x":415,"y":111,"w":67,"h":109},
		"move0012":{"x":208,"y":0,"w":67,"h":110},
		"move0005":{"x":69,"y":112,"w":67,"h":109},
		"move0011":{"x":277,"y":0,"w":67,"h":110},
		"idle0006":{"x":138,"y":112,"w":67,"h":108},
		"move0017":{"x":414,"y":222,"w":67,"h":108},
		"move0016":{"x":276,"y":222,"w":67,"h":108},
		"move0007":{"x":70,"y":0,"w":67,"h":110},
		"move0003":{"x":207,"y":112,"w":67,"h":108},
		"idle0008":{"x":69,"y":223,"w":67,"h":108},
		"idle0001":{"x":0,"y":111,"w":67,"h":109},
		"move0010":{"x":0,"y":0,"w":68,"h":109},
		"idle0005":{"x":345,"y":221,"w":67,"h":108},
		"move0009":{"x":416,"y":0,"w":67,"h":109},
		"idle0007":{"x":0,"y":222,"w":67,"h":108},
		"idle0003":{"x":138,"y":332,"w":66,"h":108},
		"move0002":{"x":346,"y":0,"w":68,"h":108},
		"move0015":{"x":276,"y":112,"w":67,"h":108},
		"move0004":{"x":207,"y":222,"w":67,"h":108},
		"idle0004":{"x":206,"y":332,"w":66,"h":108},
		"move0013":{"x":346,"y":110,"w":67,"h":109},
		"idle0010":{"x":0,"y":111,"w":67,"h":109},
		"idle0002":{"x":345,"y":331,"w":66,"h":109},
		"idle0009":{"x":0,"y":332,"w":66,"h":109},
		"move0014":{"x":138,"y":222,"w":67,"h":108},
		"move0001":{"x":414,"y":222,"w":67,"h":108},
		"move0008":{"x":139,"y":0,"w":67,"h":110}
	}}