{"mc":{
	"car_ani":{
		"frameRate":24,
		"labels":[
			{"name":"move","frame":1,"end":1}
			,{"name":"idle","frame":2,"end":31}
			
			],
		"events":[
			
			],
		"frames":[
			
			{
			"res":"move",
			"x":0,
			"y":0
			},
			{
			"res":"car_idle0001",
			"x":0,
			"y":0
			},
			{
			"res":"car_idle0002",
			"x":0,
			"y":0
			},
			{
			"res":"car_idle0003",
			"x":0,
			"y":0
			},
			{
			"res":"car_idle0004",
			"x":0,
			"y":0
			},
			{
			"res":"car_idle0005",
			"x":0,
			"y":0
			},
			{
			"res":"car_idle0006",
			"x":0,
			"y":0
			},
			{
			"res":"car_idle0007",
			"x":0,
			"y":0
			},
			{
			"res":"car_idle0008",
			"x":0,
			"y":0
			},
			{
			"res":"car_idle0009",
			"x":0,
			"y":0
			},
			{
			"res":"car_idle0010",
			"x":0,
			"y":0
			},
			{
			"res":"car_idle0011",
			"x":0,
			"y":0
			},
			{
			"res":"car_idle0012",
			"x":0,
			"y":0
			},
			{
			"res":"car_idle0013",
			"x":0,
			"y":0
			},
			{
			"res":"car_idle0014",
			"x":0,
			"y":0
			},
			{
			"res":"car_idle0015",
			"x":0,
			"y":0
			},
			{
			"res":"car_idle0016",
			"x":0,
			"y":0
			},
			{
			"res":"car_idle0017",
			"x":0,
			"y":0
			},
			{
			"res":"car_idle0018",
			"x":0,
			"y":0
			},
			{
			"res":"car_idle0019",
			"x":0,
			"y":0
			},
			{
			"res":"car_idle0020",
			"x":0,
			"y":0
			},
			{
			"res":"car_idle0021",
			"x":0,
			"y":0
			},
			{
			"res":"car_idle0022",
			"x":0,
			"y":0
			},
			{
			"res":"car_idle0023",
			"x":0,
			"y":0
			},
			{
			"res":"car_idle0024",
			"x":0,
			"y":0
			},
			{
			"res":"car_idle0025",
			"x":0,
			"y":0
			},
			{
			"res":"car_idle0026",
			"x":0,
			"y":0
			},
			{
			"res":"car_idle0027",
			"x":0,
			"y":0
			},
			{
			"res":"car_idle0028",
			"x":0,
			"y":0
			},
			{
			"res":"car_idle0029",
			"x":0,
			"y":0
			},
			{
			"res":"car_idle0030",
			"x":0,
			"y":0
			}
			]
}},
	"res":{
		"car_idle0022":{"x":300,"y":215,"w":148,"h":101},
		"car_idle0014":{"x":750,"y":0,"w":148,"h":104},
		"car_idle0005":{"x":600,"y":313,"w":148,"h":101},
		"car_idle0008":{"x":450,"y":315,"w":148,"h":101},
		"car_idle0026":{"x":150,"y":421,"w":148,"h":101},
		"car_idle0002":{"x":750,"y":416,"w":148,"h":101},
		"car_idle0015":{"x":450,"y":0,"w":148,"h":107},
		"car_idle0020":{"x":450,"y":109,"w":148,"h":101},
		"car_idle0011":{"x":150,"y":215,"w":148,"h":101},
		"car_idle0018":{"x":300,"y":0,"w":148,"h":110},
		"car_idle0009":{"x":150,"y":318,"w":148,"h":101},
		"car_idle0013":{"x":600,"y":210,"w":148,"h":101},
		"car_idle0019":{"x":600,"y":0,"w":148,"h":105},
		"car_idle0024":{"x":300,"y":421,"w":148,"h":101},
		"car_idle0001":{"x":0,"y":218,"w":148,"h":101},
		"car_idle0004":{"x":750,"y":313,"w":148,"h":101},
		"car_idle0025":{"x":600,"y":107,"w":148,"h":101},
		"car_idle0006":{"x":600,"y":416,"w":148,"h":101},
		"car_idle0029":{"x":450,"y":418,"w":148,"h":101},
		"car_idle0021":{"x":450,"y":212,"w":148,"h":101},
		"car_idle0007":{"x":300,"y":318,"w":148,"h":101},
		"car_idle0010":{"x":0,"y":115,"w":148,"h":101},
		"car_idle0028":{"x":150,"y":112,"w":148,"h":101},
		"car_idle0030":{"x":0,"y":218,"w":148,"h":101},
		"car_idle0012":{"x":300,"y":112,"w":148,"h":101},
		"move":{"x":750,"y":106,"w":148,"h":102},
		"car_idle0003":{"x":0,"y":321,"w":148,"h":101},
		"car_idle0017":{"x":0,"y":0,"w":148,"h":113},
		"car_idle0027":{"x":750,"y":210,"w":148,"h":101},
		"car_idle0016":{"x":150,"y":0,"w":148,"h":110},
		"car_idle0023":{"x":0,"y":424,"w":148,"h":101}
	}}