{"file":"login_bgs.png","frames":{
"btn_bg_s_png":{"x":128,"y":110,"w":88,"h":44,"offX":0,"offY":0,"sourceW":88,"sourceH":44},
"btn_bg_png":{"x":128,"y":0,"w":200,"h":70,"offX":0,"offY":0,"sourceW":200,"sourceH":70},
"checkbox1_selected_png":{"x":128,"y":156,"w":45,"h":39,"offX":0,"offY":0,"sourceW":45,"sourceH":39},
"checkbox1_unselect_png":{"x":56,"y":179,"w":35,"h":35,"offX":0,"offY":4,"sourceW":45,"sourceH":39},
"denglu_btn_label_png":{"x":370,"y":129,"w":68,"h":35,"offX":0,"offY":1,"sourceW":70,"sourceH":36},
"fanhui_btn_label_png":{"x":429,"y":38,"w":68,"h":35,"offX":0,"offY":0,"sourceW":68,"sourceH":35},
"huoqu_btn_label_png":{"x":0,"y":179,"w":54,"h":28,"offX":0,"offY":0,"sourceW":54,"sourceH":28},
"jizhumima_label_png":{"x":128,"y":72,"w":119,"h":36,"offX":0,"offY":0,"sourceW":119,"sourceH":36},
"jizhuzhanghao_label_png":{"x":249,"y":100,"w":119,"h":35,"offX":0,"offY":0,"sourceW":119,"sourceH":35},
"maple_leaf_png":{"x":330,"y":0,"w":97,"h":98,"offX":2,"offY":1,"sourceW":100,"sourceH":100},
"tijiao_btn_label_png":{"x":429,"y":0,"w":69,"h":36,"offX":0,"offY":0,"sourceW":69,"sourceH":36},
"wangjimima_btn_bg_png":{"x":0,"y":0,"w":126,"h":177,"offX":0,"offY":0,"sourceW":126,"sourceH":177},
"wangjimima_btn_label_png":{"x":370,"y":100,"w":101,"h":27,"offX":0,"offY":0,"sourceW":101,"sourceH":27},
"zhuce_btn_label_png":{"x":218,"y":137,"w":70,"h":33,"offX":0,"offY":0,"sourceW":70,"sourceH":36}}}