{
	"groups": [
		{
			"keys": "login_board_png,register_board_png,zhaohuimima_board_png,description_json,petBubble_json,c_btn1_gray_png,c_btn1_png,player_json,floor_json,playerSkin_json,task_json,currency_json,loginReward_json,bkg3_png,bkg2_png,bkg1_png,building_roof1_png,btn_menu2@2x_png,btn_menu_png,backgroundMusic_mp3,buttonClick_mp3,visitorInElevator_mp3,vip_mp3,newFloor_mp3",
			"name": "main"
		},
		{
			"keys": "main_png,99_car_json,99_car_png,1_ani_json,1_ani_png,3_ani_json,3_ani_png,2_ani_json,2_ani_png,4_ani_png,4_ani_json,5_ani_json,5_ani_png,car_ani_json,car_ani_png,leilei0_png,leilei1_png,leilei2_png,leilei3_png,leilei4_png,recharge_json",
			"name": "preload"
		},
		{
			"keys": "bkg3_png,bkg2_png,bkg1_png,bg13_png,gesture0017_png,guide0009_png,guide0019_png,guide0018_png,building_roof4_png,building_roof2_png,building_roof3_png,building_roof1_png,11009_f_png,11010_f_png,11012_f_png,11016_f_png,11014_f_png,11029_f_png,11030_f_png,11013_f_png,11008_f_png,11011_f_png,decorating_f_png,11028_f_png,11015_f_png,13001_f_png,12001_f_png,11017_f_png,11026_f_png,11002_f_png,11019_f_png,11024_f_png,11020_f_png,11004_f_png,11006_f_png,11022_f_png,10001_f_png,11001_f_png,11025_f_png,11018_f_png,11027_f_png,11003_f_png,11007_f_png,11023_f_png,11021_f_png,11005_f_png,roof_1_png,state_hire_png,roof_3_png,arch_109_png,state_progress_inner_png,arch_108_png,roof_2_png,lh_btn_close2@2x_png,state_waiting_png,icon_coin_png,greenArrow_png,bag_stuff_png,roof_4_png,state_time_png,state_progress_outer_png,number_8_png,number_9_png,elevator_notice_board_png,stuff_animate_png,img_png,warehouse_upgrade_png,icoAd_png,icon_level_png,letter_icon_png,number_1_png,number_0_png,btn_menu2@2x_png,number_2_png,goods_1004_png,show_wait_png,number_3_png,number_7_png,goods_1001_png,number_6_png,number_4_png,goods_1002_png,goods_1003_png,number_5_png,diamond_png,arch_103_png,btn_menu_png,arch_102_png,icoWaiting_png,arch_101_png,f_roof1_png,lh_btn_close1_png,arch_111_png,arch_105_png,notification_png,close@2x_png,woman_icon_png,arch_104_png,arch_110_png,f_roof2_png,icon_lock_png,arch_106_png,arch_112_png,state_building_png,arch_107_png,barBg_png,people_png,close_png,achievement_png,bar_png,bar2_png,barBg2_png,bg_l_png,bg_r_png,btnImg_png,btnMenu_png,btnQuick_n_png,btnQuick_p_png,btn_menu1_png,btn_menu2_png,elevator3_png,f_roof_png,f_root1_png,f_root2_png,f_root3_png,gift2_png,goodBg_png,goodProgress_png,ico1_png,ico3_png,ico4_png,ico5_png,ico22222_png,lh_bkg1_png,road_png,showBg_png,task_png,todo_png,1001_f_png,elevator_glass_png,f_line_3_png,f_right_png,floorNum_png,flowerTie_png,bg_png,bg2_png,diamond1_png,bg1_png,bg10_png,bg11_png,bg12_png,bg132_png,bg22_png,bg3_png,bg4_png,bg5_png,bg6_png,bg7_png,bg8_png,bg9_png,bgCheck_png,bgGift_png,boxBg1_png,boxin_png,btn1_png,btn4_png,btnAdd_png,btnBuy_n_png,btnBuy_p_png,btnCancel1_n_png,btnCancel1_p_png,btnCancel_n_png,btnCancel_p_png,btnCorner_png,btnExtend1_n_png,btnExtend1_p_png,btnExtend_n_png,btnExtend_p_png,btnOk_n_png,btnSubmit_n_png,btnSubmit_p_png,commonBg_png,greenArrow2_png,icoTime_png,itemBg1_png,itemBg2_png,labelGift_png,labelGift2_png,lb12_png,lh_btn_close12_png,lh_btn_close2_png,lstLine_png,mark_png,material_1002_png,people2_png,res001_png,res002_png,res003_png,res005_png,res006_png,sep_png,yellowNumFont_fnt,icoBed_png",
			"name": "happy_build_main"
		},
		{
			"keys": "",
			"name": "happy_build_preload"
		}
	],
	"resources": [
		{
			"name": "description_json",
			"type": "json",
			"url": "config/description.json"
		},
		{
			"name": "c_btn1_gray_png",
			"type": "image",
			"url": "assets/Button/c_btn1_gray.png"
		},
		{
			"name": "c_btn1_png",
			"type": "image",
			"url": "assets/Button/c_btn1.png"
		},
		{
			"name": "petBubble_json",
			"type": "json",
			"url": "config/petBubble.json"
		},
		{
			"name": "scir_png",
			"type": "image",
			"url": "assets/textures/preload/scir.png"
		},
		{
			"name": "login_board_png",
			"type": "image",
			"url": "assets/textures/index/login_board.png"
		},
		{
			"name": "register_board_png",
			"type": "image",
			"url": "assets/textures/index/register_board.png"
		},
		{
			"name": "zhaohuimima_board_png",
			"type": "image",
			"url": "assets/textures/index/zhaohuimima_board.png"
		},
		{
			"name": "login_bgs_json",
			"subkeys": "btn_bg_png,btn_bg_s_png,checkbox1_selected_png,checkbox1_unselect_png,denglu_btn_label_png,fanhui_btn_label_png,huoqu_btn_label_png,jizhumima_label_png,jizhuzhanghao_label_png,maple_leaf_png,tijiao_btn_label_png,wangjimima_btn_bg_png,wangjimima_btn_label_png,zhuce_btn_label_png",
			"type": "sheet",
			"url": "assets/textures/index/login_bgs.json"
		},
		{
			"name": "denglu_btn_label_big_png",
			"type": "image",
			"url": "assets/textures/index/denglu_btn_label_big.png"
		},
		{
			"name": "btn_bg_big_png",
			"type": "image",
			"url": "assets/textures/index/btn_bg_big.png"
		},
		{
			"name": "c_btn12_png",
			"type": "image",
			"url": "assets/Button/c_btn1.png"
		},
		{
			"name": "scir2_png",
			"type": "image",
			"url": "assets/textures/preload/scir.png"
		},
		{
			"name": "button_down_png",
			"type": "image",
			"url": "assets/Button/button_down.png"
		},
		{
			"name": "button_up_png",
			"type": "image",
			"url": "assets/Button/button_up.png"
		},
		{
			"name": "bkg3_png",
			"type": "image",
			"url": "assets/happyBuild/images/background/bkg3.png"
		},
		{
			"name": "bkg2_png",
			"type": "image",
			"url": "assets/happyBuild/images/background/bkg2.png"
		},
		{
			"name": "bkg1_png",
			"type": "image",
			"url": "assets/happyBuild/images/background/bkg1.png"
		},
		{
			"name": "bg13_png",
			"type": "image",
			"url": "assets/happyBuild/images/background/bg13.png"
		},
		{
			"name": "gesture0017_png",
			"type": "image",
			"url": "assets/happyBuild/images/guide/gesture0017.png"
		},
		{
			"name": "guide0009_png",
			"type": "image",
			"url": "assets/happyBuild/images/guide/guide0009.png"
		},
		{
			"name": "guide0019_png",
			"type": "image",
			"url": "assets/happyBuild/images/guide/guide0019.png"
		},
		{
			"name": "guide0018_png",
			"type": "image",
			"url": "assets/happyBuild/images/guide/guide0018.png"
		},
		{
			"name": "building_roof4_png",
			"type": "image",
			"url": "assets/happyBuild/images/roof/building_roof4.png"
		},
		{
			"name": "building_roof2_png",
			"type": "image",
			"url": "assets/happyBuild/images/roof/building_roof2.png"
		},
		{
			"name": "building_roof3_png",
			"type": "image",
			"url": "assets/happyBuild/images/roof/building_roof3.png"
		},
		{
			"name": "building_roof1_png",
			"type": "image",
			"url": "assets/happyBuild/images/roof/building_roof1.png"
		},
		{
			"name": "11009_f_png",
			"type": "image",
			"url": "assets/happyBuild/images/floors/11009_f.png"
		},
		{
			"name": "11010_f_png",
			"type": "image",
			"url": "assets/happyBuild/images/floors/11010_f.png"
		},
		{
			"name": "11012_f_png",
			"type": "image",
			"url": "assets/happyBuild/images/floors/11012_f.png"
		},
		{
			"name": "11016_f_png",
			"type": "image",
			"url": "assets/happyBuild/images/floors/11016_f.png"
		},
		{
			"name": "11014_f_png",
			"type": "image",
			"url": "assets/happyBuild/images/floors/11014_f.png"
		},
		{
			"name": "11029_f_png",
			"type": "image",
			"url": "assets/happyBuild/images/floors/11029_f.png"
		},
		{
			"name": "11030_f_png",
			"type": "image",
			"url": "assets/happyBuild/images/floors/11030_f.png"
		},
		{
			"name": "11013_f_png",
			"type": "image",
			"url": "assets/happyBuild/images/floors/11013_f.png"
		},
		{
			"name": "11008_f_png",
			"type": "image",
			"url": "assets/happyBuild/images/floors/11008_f.png"
		},
		{
			"name": "11011_f_png",
			"type": "image",
			"url": "assets/happyBuild/images/floors/11011_f.png"
		},
		{
			"name": "decorating_f_png",
			"type": "image",
			"url": "assets/happyBuild/images/floors/decorating_f.png"
		},
		{
			"name": "11028_f_png",
			"type": "image",
			"url": "assets/happyBuild/images/floors/11028_f.png"
		},
		{
			"name": "11015_f_png",
			"type": "image",
			"url": "assets/happyBuild/images/floors/11015_f.png"
		},
		{
			"name": "13001_f_png",
			"type": "image",
			"url": "assets/happyBuild/images/floors/13001_f.png"
		},
		{
			"name": "12001_f_png",
			"type": "image",
			"url": "assets/happyBuild/images/floors/12001_f.png"
		},
		{
			"name": "11017_f_png",
			"type": "image",
			"url": "assets/happyBuild/images/floors/11017_f.png"
		},
		{
			"name": "11026_f_png",
			"type": "image",
			"url": "assets/happyBuild/images/floors/11026_f.png"
		},
		{
			"name": "11002_f_png",
			"type": "image",
			"url": "assets/happyBuild/images/floors/11002_f.png"
		},
		{
			"name": "11019_f_png",
			"type": "image",
			"url": "assets/happyBuild/images/floors/11019_f.png"
		},
		{
			"name": "11024_f_png",
			"type": "image",
			"url": "assets/happyBuild/images/floors/11024_f.png"
		},
		{
			"name": "11020_f_png",
			"type": "image",
			"url": "assets/happyBuild/images/floors/11020_f.png"
		},
		{
			"name": "11004_f_png",
			"type": "image",
			"url": "assets/happyBuild/images/floors/11004_f.png"
		},
		{
			"name": "11006_f_png",
			"type": "image",
			"url": "assets/happyBuild/images/floors/11006_f.png"
		},
		{
			"name": "11022_f_png",
			"type": "image",
			"url": "assets/happyBuild/images/floors/11022_f.png"
		},
		{
			"name": "10001_f_png",
			"type": "image",
			"url": "assets/happyBuild/images/floors/10001_f.png"
		},
		{
			"name": "11001_f_png",
			"type": "image",
			"url": "assets/happyBuild/images/floors/11001_f.png"
		},
		{
			"name": "11025_f_png",
			"type": "image",
			"url": "assets/happyBuild/images/floors/11025_f.png"
		},
		{
			"name": "11018_f_png",
			"type": "image",
			"url": "assets/happyBuild/images/floors/11018_f.png"
		},
		{
			"name": "11027_f_png",
			"type": "image",
			"url": "assets/happyBuild/images/floors/11027_f.png"
		},
		{
			"name": "11003_f_png",
			"type": "image",
			"url": "assets/happyBuild/images/floors/11003_f.png"
		},
		{
			"name": "11007_f_png",
			"type": "image",
			"url": "assets/happyBuild/images/floors/11007_f.png"
		},
		{
			"name": "11023_f_png",
			"type": "image",
			"url": "assets/happyBuild/images/floors/11023_f.png"
		},
		{
			"name": "11021_f_png",
			"type": "image",
			"url": "assets/happyBuild/images/floors/11021_f.png"
		},
		{
			"name": "11005_f_png",
			"type": "image",
			"url": "assets/happyBuild/images/floors/11005_f.png"
		},
		{
			"name": "roof_1_png",
			"type": "image",
			"url": "assets/happyBuild/images/items/roof_1.png"
		},
		{
			"name": "state_hire_png",
			"type": "image",
			"url": "assets/happyBuild/images/items/state_hire.png"
		},
		{
			"name": "roof_3_png",
			"type": "image",
			"url": "assets/happyBuild/images/items/roof_3.png"
		},
		{
			"name": "arch_109_png",
			"type": "image",
			"url": "assets/happyBuild/images/items/arch_109.png"
		},
		{
			"name": "state_progress_inner_png",
			"type": "image",
			"url": "assets/happyBuild/images/items/state_progress_inner.png"
		},
		{
			"name": "arch_108_png",
			"type": "image",
			"url": "assets/happyBuild/images/items/arch_108.png"
		},
		{
			"name": "roof_2_png",
			"type": "image",
			"url": "assets/happyBuild/images/items/roof_2.png"
		},
		{
			"name": "lh_btn_close2@2x_png",
			"type": "image",
			"url": "assets/happyBuild/images/items/lh_btn_close2@2x.png"
		},
		{
			"name": "state_waiting_png",
			"type": "image",
			"url": "assets/happyBuild/images/items/state_waiting.png"
		},
		{
			"name": "icon_coin_png",
			"type": "image",
			"url": "assets/happyBuild/images/items/icon_coin.png"
		},
		{
			"name": "greenArrow_png",
			"type": "image",
			"url": "assets/happyBuild/images/items/greenArrow.png"
		},
		{
			"name": "main_png",
			"type": "image",
			"url": "assets/happyBuild/images/items/main.png"
		},
		{
			"name": "bag_stuff_png",
			"type": "image",
			"url": "assets/happyBuild/images/items/bag_stuff.png"
		},
		{
			"name": "roof_4_png",
			"type": "image",
			"url": "assets/happyBuild/images/items/roof_4.png"
		},
		{
			"name": "state_time_png",
			"type": "image",
			"url": "assets/happyBuild/images/items/state_time.png"
		},
		{
			"name": "state_progress_outer_png",
			"type": "image",
			"url": "assets/happyBuild/images/items/state_progress_outer.png"
		},
		{
			"name": "number_8_png",
			"type": "image",
			"url": "assets/happyBuild/images/items/number_8.png"
		},
		{
			"name": "number_9_png",
			"type": "image",
			"url": "assets/happyBuild/images/items/number_9.png"
		},
		{
			"name": "icoAdd_png",
			"type": "image",
			"url": "assets/happyBuild/images/items/icoAdd.png"
		},
		{
			"name": "elevator_notice_board_png",
			"type": "image",
			"url": "assets/happyBuild/images/items/elevator_notice_board.png"
		},
		{
			"name": "stuff_animate_png",
			"type": "image",
			"url": "assets/happyBuild/images/items/stuff_animate.png"
		},
		{
			"name": "img_png",
			"type": "image",
			"url": "assets/happyBuild/images/items/img.png"
		},
		{
			"name": "warehouse_upgrade_png",
			"type": "image",
			"url": "assets/happyBuild/images/items/warehouse_upgrade.png"
		},
		{
			"name": "icoAd_png",
			"type": "image",
			"url": "assets/happyBuild/images/items/icoAd.png"
		},
		{
			"name": "icon_level_png",
			"type": "image",
			"url": "assets/happyBuild/images/items/icon_level.png"
		},
		{
			"name": "letter_icon_png",
			"type": "image",
			"url": "assets/happyBuild/images/items/letter_icon.png"
		},
		{
			"name": "number_1_png",
			"type": "image",
			"url": "assets/happyBuild/images/items/number_1.png"
		},
		{
			"name": "number_0_png",
			"type": "image",
			"url": "assets/happyBuild/images/items/number_0.png"
		},
		{
			"name": "btn_menu2@2x_png",
			"type": "image",
			"url": "assets/happyBuild/images/items/btn_menu2@2x.png"
		},
		{
			"name": "number_2_png",
			"type": "image",
			"url": "assets/happyBuild/images/items/number_2.png"
		},
		{
			"name": "goods_1004_png",
			"type": "image",
			"url": "assets/happyBuild/images/items/goods_1004.png"
		},
		{
			"name": "show_wait_png",
			"type": "image",
			"url": "assets/happyBuild/images/items/show_wait.png"
		},
		{
			"name": "number_3_png",
			"type": "image",
			"url": "assets/happyBuild/images/items/number_3.png"
		},
		{
			"name": "number_7_png",
			"type": "image",
			"url": "assets/happyBuild/images/items/number_7.png"
		},
		{
			"name": "goods_1001_png",
			"type": "image",
			"url": "assets/happyBuild/images/items/goods_1001.png"
		},
		{
			"name": "number_6_png",
			"type": "image",
			"url": "assets/happyBuild/images/items/number_6.png"
		},
		{
			"name": "number_4_png",
			"type": "image",
			"url": "assets/happyBuild/images/items/number_4.png"
		},
		{
			"name": "goods_1002_png",
			"type": "image",
			"url": "assets/happyBuild/images/items/goods_1002.png"
		},
		{
			"name": "goods_1003_png",
			"type": "image",
			"url": "assets/happyBuild/images/items/goods_1003.png"
		},
		{
			"name": "number_5_png",
			"type": "image",
			"url": "assets/happyBuild/images/items/number_5.png"
		},
		{
			"name": "diamond_png",
			"type": "image",
			"url": "assets/happyBuild/images/items/diamond.png"
		},
		{
			"name": "arch_103_png",
			"type": "image",
			"url": "assets/happyBuild/images/items/arch_103.png"
		},
		{
			"name": "btn_menu_png",
			"type": "image",
			"url": "assets/happyBuild/images/items/btn_menu.png"
		},
		{
			"name": "arch_102_png",
			"type": "image",
			"url": "assets/happyBuild/images/items/arch_102.png"
		},
		{
			"name": "icoWaiting_png",
			"type": "image",
			"url": "assets/happyBuild/images/items/icoWaiting.png"
		},
		{
			"name": "arch_101_png",
			"type": "image",
			"url": "assets/happyBuild/images/items/arch_101.png"
		},
		{
			"name": "f_roof1_png",
			"type": "image",
			"url": "assets/happyBuild/images/items/f_roof1.png"
		},
		{
			"name": "lh_btn_close1_png",
			"type": "image",
			"url": "assets/happyBuild/images/items/lh_btn_close1.png"
		},
		{
			"name": "arch_111_png",
			"type": "image",
			"url": "assets/happyBuild/images/items/arch_111.png"
		},
		{
			"name": "arch_105_png",
			"type": "image",
			"url": "assets/happyBuild/images/items/arch_105.png"
		},
		{
			"name": "notification_png",
			"type": "image",
			"url": "assets/happyBuild/images/items/notification.png"
		},
		{
			"name": "close@2x_png",
			"type": "image",
			"url": "assets/happyBuild/images/items/close@2x.png"
		},
		{
			"name": "woman_icon_png",
			"type": "image",
			"url": "assets/happyBuild/images/items/woman_icon.png"
		},
		{
			"name": "arch_104_png",
			"type": "image",
			"url": "assets/happyBuild/images/items/arch_104.png"
		},
		{
			"name": "arch_110_png",
			"type": "image",
			"url": "assets/happyBuild/images/items/arch_110.png"
		},
		{
			"name": "f_roof2_png",
			"type": "image",
			"url": "assets/happyBuild/images/items/f_roof2.png"
		},
		{
			"name": "icon_lock_png",
			"type": "image",
			"url": "assets/happyBuild/images/items/icon_lock.png"
		},
		{
			"name": "arch_106_png",
			"type": "image",
			"url": "assets/happyBuild/images/items/arch_106.png"
		},
		{
			"name": "arch_112_png",
			"type": "image",
			"url": "assets/happyBuild/images/items/arch_112.png"
		},
		{
			"name": "state_building_png",
			"type": "image",
			"url": "assets/happyBuild/images/items/state_building.png"
		},
		{
			"name": "arch_107_png",
			"type": "image",
			"url": "assets/happyBuild/images/items/arch_107.png"
		},
		{
			"name": "barBg_png",
			"type": "image",
			"url": "assets/happyBuild/images/items/barBg.png"
		},
		{
			"name": "people_png",
			"type": "image",
			"url": "assets/happyBuild/images/items/people.png"
		},
		{
			"name": "close_png",
			"type": "image",
			"url": "assets/happyBuild/images/items/close.png"
		},
		{
			"name": "achievement_png",
			"type": "image",
			"url": "assets/happyBuild/images/mainScene/achievement.png"
		},
		{
			"name": "bar_png",
			"type": "image",
			"url": "assets/happyBuild/images/mainScene/bar.png"
		},
		{
			"name": "bar2_png",
			"type": "image",
			"url": "assets/happyBuild/images/mainScene/bar2.png"
		},
		{
			"name": "barBg2_png",
			"type": "image",
			"url": "assets/happyBuild/images/mainScene/barBg.png"
		},
		{
			"name": "bg_l_png",
			"type": "image",
			"url": "assets/happyBuild/images/mainScene/bg_l.png"
		},
		{
			"name": "bg_r_png",
			"type": "image",
			"url": "assets/happyBuild/images/mainScene/bg_r.png"
		},
		{
			"name": "btnImg_png",
			"type": "image",
			"url": "assets/happyBuild/images/mainScene/btnImg.png"
		},
		{
			"name": "btnMenu_png",
			"type": "image",
			"url": "assets/happyBuild/images/mainScene/btnMenu.png"
		},
		{
			"name": "btnQuick_n_png",
			"type": "image",
			"url": "assets/happyBuild/images/mainScene/btnQuick_n.png"
		},
		{
			"name": "btnQuick_p_png",
			"type": "image",
			"url": "assets/happyBuild/images/mainScene/btnQuick_p.png"
		},
		{
			"name": "btn_menu1_png",
			"type": "image",
			"url": "assets/happyBuild/images/mainScene/btn_menu1.png"
		},
		{
			"name": "btn_menu2_png",
			"type": "image",
			"url": "assets/happyBuild/images/mainScene/btn_menu2.png"
		},
		{
			"name": "elevator3_png",
			"type": "image",
			"url": "assets/happyBuild/images/mainScene/elevator3.png"
		},
		{
			"name": "f_roof_png",
			"type": "image",
			"url": "assets/happyBuild/images/mainScene/f_roof.png"
		},
		{
			"name": "f_root1_png",
			"type": "image",
			"url": "assets/happyBuild/images/mainScene/f_root1.png"
		},
		{
			"name": "f_root2_png",
			"type": "image",
			"url": "assets/happyBuild/images/mainScene/f_root2.png"
		},
		{
			"name": "f_root3_png",
			"type": "image",
			"url": "assets/happyBuild/images/mainScene/f_root3.png"
		},
		{
			"name": "gift2_png",
			"type": "image",
			"url": "assets/happyBuild/images/mainScene/gift2.png"
		},
		{
			"name": "goodBg_png",
			"type": "image",
			"url": "assets/happyBuild/images/mainScene/goodBg.png"
		},
		{
			"name": "goodProgress_png",
			"type": "image",
			"url": "assets/happyBuild/images/mainScene/goodProgress.png"
		},
		{
			"name": "ico1_png",
			"type": "image",
			"url": "assets/happyBuild/images/mainScene/ico1.png"
		},
		{
			"name": "ico3_png",
			"type": "image",
			"url": "assets/happyBuild/images/mainScene/ico3.png"
		},
		{
			"name": "ico4_png",
			"type": "image",
			"url": "assets/happyBuild/images/mainScene/ico4.png"
		},
		{
			"name": "ico5_png",
			"type": "image",
			"url": "assets/happyBuild/images/mainScene/ico5.png"
		},
		{
			"name": "ico22222_png",
			"type": "image",
			"url": "assets/happyBuild/images/mainScene/ico6.png"
		},
		{
			"name": "lh_bkg1_png",
			"type": "image",
			"url": "assets/happyBuild/images/mainScene/lh_bkg1.png"
		},
		{
			"name": "road_png",
			"type": "image",
			"url": "assets/happyBuild/images/mainScene/road.png"
		},
		{
			"name": "showBg_png",
			"type": "image",
			"url": "assets/happyBuild/images/mainScene/showBg.png"
		},
		{
			"name": "task_png",
			"type": "image",
			"url": "assets/happyBuild/images/mainScene/task.png"
		},
		{
			"name": "todo_png",
			"type": "image",
			"url": "assets/happyBuild/images/mainScene/todo.png"
		},
		{
			"name": "1001_f_png",
			"type": "image",
			"url": "assets/happyBuild/images/floor/1001_f.png"
		},
		{
			"name": "elevator_glass_png",
			"type": "image",
			"url": "assets/happyBuild/images/floor/elevator_glass.png"
		},
		{
			"name": "f_line_3_png",
			"type": "image",
			"url": "assets/happyBuild/images/floor/f_line_3.png"
		},
		{
			"name": "f_right_png",
			"type": "image",
			"url": "assets/happyBuild/images/floor/f_right.png"
		},
		{
			"name": "floorNum_png",
			"type": "image",
			"url": "assets/happyBuild/images/floor/floorNum.png"
		},
		{
			"name": "flowerTie_png",
			"type": "image",
			"url": "assets/happyBuild/images/floor/flowerTie.png"
		},
		{
			"name": "bg_png",
			"type": "image",
			"url": "assets/happyBuild/images/conform/bg.png"
		},
		{
			"name": "bg2_png",
			"type": "image",
			"url": "assets/happyBuild/images/conform/bg2.png"
		},
		{
			"name": "diamond1_png",
			"type": "image",
			"url": "assets/happyBuild/images/conform/diamond1.png"
		},
		{
			"name": "bg1_png",
			"type": "image",
			"url": "assets/happyBuild/images/common/bg1.png"
		},
		{
			"name": "bg10_png",
			"type": "image",
			"url": "assets/happyBuild/images/common/bg10.png"
		},
		{
			"name": "bg11_png",
			"type": "image",
			"url": "assets/happyBuild/images/common/bg11.png"
		},
		{
			"name": "bg12_png",
			"type": "image",
			"url": "assets/happyBuild/images/common/bg12.png"
		},
		{
			"name": "bg132_png",
			"type": "image",
			"url": "assets/happyBuild/images/common/bg13.png"
		},
		{
			"name": "bg22_png",
			"type": "image",
			"url": "assets/happyBuild/images/common/bg2.png"
		},
		{
			"name": "bg3_png",
			"type": "image",
			"url": "assets/happyBuild/images/common/bg3.png"
		},
		{
			"name": "bg4_png",
			"type": "image",
			"url": "assets/happyBuild/images/common/bg4.png"
		},
		{
			"name": "bg5_png",
			"type": "image",
			"url": "assets/happyBuild/images/common/bg5.png"
		},
		{
			"name": "bg6_png",
			"type": "image",
			"url": "assets/happyBuild/images/common/bg6.png"
		},
		{
			"name": "bg7_png",
			"type": "image",
			"url": "assets/happyBuild/images/common/bg7.png"
		},
		{
			"name": "bg8_png",
			"type": "image",
			"url": "assets/happyBuild/images/common/bg8.png"
		},
		{
			"name": "bg9_png",
			"type": "image",
			"url": "assets/happyBuild/images/common/bg9.png"
		},
		{
			"name": "bgCheck_png",
			"type": "image",
			"url": "assets/happyBuild/images/common/bgCheck.png"
		},
		{
			"name": "bgGift_png",
			"type": "image",
			"url": "assets/happyBuild/images/common/bgGift.png"
		},
		{
			"name": "boxBg1_png",
			"type": "image",
			"url": "assets/happyBuild/images/common/boxBg1.png"
		},
		{
			"name": "boxin_png",
			"type": "image",
			"url": "assets/happyBuild/images/common/boxin.png"
		},
		{
			"name": "btn1_png",
			"type": "image",
			"url": "assets/happyBuild/images/common/btn1.png"
		},
		{
			"name": "btn4_png",
			"type": "image",
			"url": "assets/happyBuild/images/common/btn4.png"
		},
		{
			"name": "btnAdd_png",
			"type": "image",
			"url": "assets/happyBuild/images/common/btnAdd.png"
		},
		{
			"name": "btnBuy_n_png",
			"type": "image",
			"url": "assets/happyBuild/images/common/btnBuy_n.png"
		},
		{
			"name": "btnBuy_p_png",
			"type": "image",
			"url": "assets/happyBuild/images/common/btnBuy_p.png"
		},
		{
			"name": "btnCancel1_n_png",
			"type": "image",
			"url": "assets/happyBuild/images/common/btnCancel1_n.png"
		},
		{
			"name": "btnCancel1_p_png",
			"type": "image",
			"url": "assets/happyBuild/images/common/btnCancel1_p.png"
		},
		{
			"name": "btnCancel_n_png",
			"type": "image",
			"url": "assets/happyBuild/images/common/btnCancel_n.png"
		},
		{
			"name": "btnCancel_p_png",
			"type": "image",
			"url": "assets/happyBuild/images/common/btnCancel_p.png"
		},
		{
			"name": "btnCorner_png",
			"type": "image",
			"url": "assets/happyBuild/images/common/btnCorner.png"
		},
		{
			"name": "btnExtend1_n_png",
			"type": "image",
			"url": "assets/happyBuild/images/common/btnExtend1_n.png"
		},
		{
			"name": "btnExtend1_p_png",
			"type": "image",
			"url": "assets/happyBuild/images/common/btnExtend1_p.png"
		},
		{
			"name": "btnExtend_n_png",
			"type": "image",
			"url": "assets/happyBuild/images/common/btnExtend_n.png"
		},
		{
			"name": "btnExtend_p_png",
			"type": "image",
			"url": "assets/happyBuild/images/common/btnExtend_p.png"
		},
		{
			"name": "btnOk_n_png",
			"type": "image",
			"url": "assets/happyBuild/images/common/btnOk_n.png"
		},
		{
			"name": "btnSubmit_n_png",
			"type": "image",
			"url": "assets/happyBuild/images/common/btnSubmit_n.png"
		},
		{
			"name": "btnSubmit_p_png",
			"type": "image",
			"url": "assets/happyBuild/images/common/btnSubmit_p.png"
		},
		{
			"name": "commonBg_png",
			"type": "image",
			"url": "assets/happyBuild/images/common/commonBg.png"
		},
		{
			"name": "greenArrow2_png",
			"type": "image",
			"url": "assets/happyBuild/images/common/greenArrow.png"
		},
		{
			"name": "icoTime_png",
			"type": "image",
			"url": "assets/happyBuild/images/common/icoTime.png"
		},
		{
			"name": "itemBg1_png",
			"type": "image",
			"url": "assets/happyBuild/images/common/itemBg1.png"
		},
		{
			"name": "itemBg2_png",
			"type": "image",
			"url": "assets/happyBuild/images/common/itemBg2.png"
		},
		{
			"name": "labelGift_png",
			"type": "image",
			"url": "assets/happyBuild/images/common/labelGift.png"
		},
		{
			"name": "labelGift2_png",
			"type": "image",
			"url": "assets/happyBuild/images/common/labelGift2.png"
		},
		{
			"name": "lb12_png",
			"type": "image",
			"url": "assets/happyBuild/images/common/lb1.png"
		},
		{
			"name": "lh_btn_close12_png",
			"type": "image",
			"url": "assets/happyBuild/images/common/lh_btn_close1.png"
		},
		{
			"name": "lh_btn_close2_png",
			"type": "image",
			"url": "assets/happyBuild/images/common/lh_btn_close2.png"
		},
		{
			"name": "lstLine_png",
			"type": "image",
			"url": "assets/happyBuild/images/common/lstLine.png"
		},
		{
			"name": "mark_png",
			"type": "image",
			"url": "assets/happyBuild/images/common/mark.png"
		},
		{
			"name": "material_1002_png",
			"type": "image",
			"url": "assets/happyBuild/images/common/material_1002.png"
		},
		{
			"name": "people2_png",
			"type": "image",
			"url": "assets/happyBuild/images/common/people.png"
		},
		{
			"name": "res001_png",
			"type": "image",
			"url": "assets/happyBuild/images/common/res001.png"
		},
		{
			"name": "res002_png",
			"type": "image",
			"url": "assets/happyBuild/images/common/res002.png"
		},
		{
			"name": "res003_png",
			"type": "image",
			"url": "assets/happyBuild/images/common/res003.png"
		},
		{
			"name": "res005_png",
			"type": "image",
			"url": "assets/happyBuild/images/common/res005.png"
		},
		{
			"name": "res006_png",
			"type": "image",
			"url": "assets/happyBuild/images/common/res006.png"
		},
		{
			"name": "sep_png",
			"type": "image",
			"url": "assets/happyBuild/images/common/sep.png"
		},
		{
			"name": "yellowNumFont_fnt",
			"type": "font",
			"url": "assets/fonts/yellowNumFont.fnt"
		},
		{
			"name": "remai_png",
			"type": "image",
			"url": "assets/happyBuild/images/common/remai.png"
		},
		{
			"name": "icoBed_png",
			"type": "image",
			"url": "assets/happyBuild/images/hall/icoBed.png"
		},
		{
			"name": "btnInvent_p_png",
			"type": "image",
			"url": "assets/happyBuild/images/hall/btnInvent_p.png"
		},
		{
			"name": "btnGiveup_p_png",
			"type": "image",
			"url": "assets/happyBuild/images/hall/btnGiveup_p.png"
		},
		{
			"name": "btnInvent_n_png",
			"type": "image",
			"url": "assets/happyBuild/images/hall/btnInvent_n.png"
		},
		{
			"name": "btnGiveup_n_png",
			"type": "image",
			"url": "assets/happyBuild/images/hall/btnGiveup_n.png"
		},
		{
			"name": "add_png",
			"type": "image",
			"url": "assets/happyBuild/images/resident/add.png"
		},
		{
			"name": "btnFire_n_png",
			"type": "image",
			"url": "assets/happyBuild/images/resident/btnFire_n.png"
		},
		{
			"name": "icoPeople_png",
			"type": "image",
			"url": "assets/happyBuild/images/resident/icoPeople.png"
		},
		{
			"name": "material_1001_png",
			"type": "image",
			"url": "assets/happyBuild/images/resident/material_1001.png"
		},
		{
			"name": "sHeart_n_png",
			"type": "image",
			"url": "assets/happyBuild/images/resident/sHeart_n.png"
		},
		{
			"name": "btnExpel_n_png",
			"type": "image",
			"url": "assets/happyBuild/images/resident/btnExpel_n.png"
		},
		{
			"name": "starBg2_png",
			"type": "image",
			"url": "assets/happyBuild/images/resident/starBg.png"
		},
		{
			"name": "btnExpel_p_png",
			"type": "image",
			"url": "assets/happyBuild/images/resident/btnExpel_p.png"
		},
		{
			"name": "bg14_png",
			"type": "image",
			"url": "assets/happyBuild/images/resident/bg1.png"
		},
		{
			"name": "bg23_png",
			"type": "image",
			"url": "assets/happyBuild/images/resident/bg2.png"
		},
		{
			"name": "btnFire_p_png",
			"type": "image",
			"url": "assets/happyBuild/images/resident/btnFire_p.png"
		},
		{
			"name": "btnFire_d_png",
			"type": "image",
			"url": "assets/happyBuild/images/resident/btnFire_d.png"
		},
		{
			"name": "stars2_png",
			"type": "image",
			"url": "assets/happyBuild/images/resident/stars.png"
		},
		{
			"name": "lb13_png",
			"type": "image",
			"url": "assets/happyBuild/images/resident/lb1.png"
		},
		{
			"name": "sHeart_s_png",
			"type": "image",
			"url": "assets/happyBuild/images/resident/sHeart_s.png"
		},
		{
			"name": "heart_png",
			"type": "image",
			"url": "assets/happyBuild/images/hall/heart.png"
		},
		{
			"name": "ico_png",
			"type": "image",
			"url": "assets/happyBuild/images/hall/ico.png"
		},
		{
			"name": "icoAd2_png",
			"type": "image",
			"url": "assets/happyBuild/images/hall/icoAd.png"
		},
		{
			"name": "icoAdd2_png",
			"type": "image",
			"url": "assets/happyBuild/images/hall/icoAdd.png"
		},
		{
			"name": "itemBg_n_png",
			"type": "image",
			"url": "assets/happyBuild/images/hall/itemBg_n.png"
		},
		{
			"name": "itemBg_p_png",
			"type": "image",
			"url": "assets/happyBuild/images/hall/itemBg_p.png"
		},
		{
			"name": "lightMask_png",
			"type": "image",
			"url": "assets/happyBuild/images/hall/lightMask.png"
		},
		{
			"name": "recruit1_n_png",
			"type": "image",
			"url": "assets/happyBuild/images/hall/recruit1_n.png"
		},
		{
			"name": "recruit1_p_png",
			"type": "image",
			"url": "assets/happyBuild/images/hall/recruit1_p.png"
		},
		{
			"name": "recruit2_n_png",
			"type": "image",
			"url": "assets/happyBuild/images/hall/recruit2_n.png"
		},
		{
			"name": "recruit2_p_png",
			"type": "image",
			"url": "assets/happyBuild/images/hall/recruit2_p.png"
		},
		{
			"name": "recruit3_n_png",
			"type": "image",
			"url": "assets/happyBuild/images/hall/recruit3_n.png"
		},
		{
			"name": "recruit3_p_png",
			"type": "image",
			"url": "assets/happyBuild/images/hall/recruit3_p.png"
		},
		{
			"name": "icoBed2_png",
			"type": "image",
			"url": "assets/happyBuild/images/hall/icoBed.png"
		},
		{
			"name": "img2_png",
			"type": "image",
			"url": "assets/happyBuild/images/hall/img.png"
		},
		{
			"name": "btnInvent_p2_png",
			"type": "image",
			"url": "assets/happyBuild/images/hall/btnInvent_p.png"
		},
		{
			"name": "btnGiveup_p2_png",
			"type": "image",
			"url": "assets/happyBuild/images/hall/btnGiveup_p.png"
		},
		{
			"name": "btnInvent_n2_png",
			"type": "image",
			"url": "assets/happyBuild/images/hall/btnInvent_n.png"
		},
		{
			"name": "btnGiveup_n2_png",
			"type": "image",
			"url": "assets/happyBuild/images/hall/btnGiveup_n.png"
		},
		{
			"name": "player_json",
			"type": "json",
			"url": "json/player.json"
		},
		{
			"name": "floor_json",
			"type": "json",
			"url": "json/floor.json"
		},
		{
			"name": "lock_png",
			"type": "image",
			"url": "assets/happyBuild/images/decorate/lock.png"
		},
		{
			"name": "bg15_png",
			"type": "image",
			"url": "assets/happyBuild/images/decorate/bg1.png"
		},
		{
			"name": "bar_loadingtiao_png",
			"type": "image",
			"url": "assets/happyBuild/images/common/bar_loadingtiao.png"
		},
		{
			"name": "bar_loadingtiaodi_png",
			"type": "image",
			"url": "assets/happyBuild/images/common/bar_loadingtiaodi.png"
		},
		{
			"name": "ico2_png",
			"type": "image",
			"url": "assets/happyBuild/images/mainScene/ico2.png"
		},
		{
			"name": "buttonClick_mp3",
			"type": "sound",
			"url": "music/buttonClick.mp3"
		},
		{
			"name": "backgroundMusic_mp3",
			"type": "sound",
			"url": "music/backgroundMusic.mp3"
		},
		{
			"name": "visitorInElevator_mp3",
			"type": "sound",
			"url": "music/visitorInElevator.mp3"
		},
		{
			"name": "vip_mp3",
			"type": "sound",
			"url": "music/vip.mp3"
		},
		{
			"name": "newFloor_mp3",
			"type": "sound",
			"url": "music/newFloor.mp3"
		},
		{
			"name": "floorcoin_png",
			"type": "image",
			"url": "assets/happyBuild/images/mainScene/floorcoin.png"
		},
		{
			"name": "diyicichongzhi_png",
			"type": "image",
			"url": "assets/happyBuild/images/common/diyicichongzhi.png"
		},
		{
			"name": "newguidetile_png",
			"type": "image",
			"url": "assets/happyBuild/images/common/newguidetile.png"
		},
		{
			"name": "gantan_png",
			"type": "image",
			"url": "assets/happyBuild/images/common/gantan.png"
		},
		{
			"name": "yuan_png",
			"type": "image",
			"url": "assets/happyBuild/images/common/yuan.png"
		},
		{
			"name": "zzz_png",
			"type": "image",
			"url": "assets/happyBuild/images/common/zzz.png"
		},
		{
			"name": "playerSkin_json",
			"type": "json",
			"url": "json/playerSkin.json"
		},
		{
			"name": "bg_loadingtouming_png",
			"type": "image",
			"url": "assets/happyBuild/images/common/bg_loadingtouming.png"
		},
		{
			"name": "currency_json",
			"type": "json",
			"url": "json/currency.json"
		},
		{
			"name": "loginReward_json",
			"type": "json",
			"url": "json/loginReward.json"
		},
		{
			"name": "task_json",
			"type": "json",
			"url": "json/task.json"
		},
		{
			"name": "99_car_json",
			"type": "json",
			"url": "anim/happybuild/99_car.json"
		},
		{
			"name": "99_car_png",
			"type": "image",
			"url": "anim/happybuild/99_car.png"
		},
		{
			"name": "1_ani_json",
			"type": "json",
			"url": "anim/happybuild/1_ani.json"
		},
		{
			"name": "1_ani_png",
			"type": "image",
			"url": "anim/happybuild/1_ani.png"
		},
		{
			"name": "3_ani_json",
			"type": "json",
			"url": "anim/happybuild/3_ani.json"
		},
		{
			"name": "3_ani_png",
			"type": "image",
			"url": "anim/happybuild/3_ani.png"
		},
		{
			"name": "2_ani_json",
			"type": "json",
			"url": "anim/happybuild/2_ani.json"
		},
		{
			"name": "2_ani_png",
			"type": "image",
			"url": "anim/happybuild/2_ani.png"
		},
		{
			"name": "4_ani_png",
			"type": "image",
			"url": "anim/happybuild/4_ani.png"
		},
		{
			"name": "4_ani_json",
			"type": "json",
			"url": "anim/happybuild/4_ani.json"
		},
		{
			"name": "5_ani_json",
			"type": "json",
			"url": "anim/happybuild/5_ani.json"
		},
		{
			"name": "5_ani_png",
			"type": "image",
			"url": "anim/happybuild/5_ani.png"
		},
		{
			"name": "car_ani_json",
			"type": "json",
			"url": "anim/happybuild/car_ani.json"
		},
		{
			"name": "car_ani_png",
			"type": "image",
			"url": "anim/happybuild/car_ani.png"
		},
		{
			"name": "leilei0_png",
			"type": "image",
			"url": "assets/happyBuild/images/head/leilei0.png"
		},
		{
			"name": "leilei1_png",
			"type": "image",
			"url": "assets/happyBuild/images/head/leilei1.png"
		},
		{
			"name": "leilei2_png",
			"type": "image",
			"url": "assets/happyBuild/images/head/leilei2.png"
		},
		{
			"name": "leilei3_png",
			"type": "image",
			"url": "assets/happyBuild/images/head/leilei3.png"
		},
		{
			"name": "leilei4_png",
			"type": "image",
			"url": "assets/happyBuild/images/head/leilei4.png"
		},
		{
			"name": "recharge_json",
			"type": "json",
			"url": "json/recharge.json"
		}
	]
}