{"file":"menu.png","frames":{
"btn_gift_png":{"x":0,"y":280,"w":85,"h":87,"offX":7,"offY":6,"sourceW":100,"sourceH":100},
"btn_sign_png":{"x":87,"y":176,"w":89,"h":96,"offX":5,"offY":2,"sourceW":100,"sourceH":100},
"btn_top_hide_png":{"x":445,"y":361,"w":67,"h":60,"offX":0,"offY":0,"sourceW":67,"sourceH":60},
"btn_top_show_png":{"x":176,"y":358,"w":67,"h":60,"offX":0,"offY":0,"sourceW":67,"sourceH":60},
"menu_m_gift_png":{"x":178,"y":176,"w":94,"h":90,"offX":0,"offY":0,"sourceW":94,"sourceH":90},
"menu_m_home_png":{"x":648,"y":105,"w":143,"h":131,"offX":0,"offY":0,"sourceW":143,"sourceH":131},
"menu_m_rank_png":{"x":938,"y":105,"w":84,"h":81,"offX":0,"offY":0,"sourceW":84,"sourceH":81},
"menu_m_shop_png":{"x":725,"y":334,"w":86,"h":82,"offX":0,"offY":0,"sourceW":86,"sourceH":82},
"menu_m_warehouse_png":{"x":741,"y":238,"w":85,"h":94,"offX":0,"offY":0,"sourceW":85,"sourceH":94},
"menu_p_die_bug_png":{"x":828,"y":238,"w":87,"h":88,"offX":0,"offY":0,"sourceW":87,"sourceH":88},
"menu_p_die_grass_png":{"x":547,"y":260,"w":87,"h":88,"offX":0,"offY":0,"sourceW":87,"sourceH":88},
"menu_p_gain_png":{"x":87,"y":274,"w":87,"h":87,"offX":0,"offY":0,"sourceW":87,"sourceH":87},
"menu_p_hoe_31_png":{"x":267,"y":272,"w":87,"h":88,"offX":3,"offY":0,"sourceW":92,"sourceH":88},
"menu_p_hoe_32_png":{"x":456,"y":271,"w":87,"h":88,"offX":3,"offY":0,"sourceW":92,"sourceH":88},
"menu_p_hoe_33_png":{"x":917,"y":238,"w":87,"h":88,"offX":3,"offY":0,"sourceW":92,"sourceH":88},
"menu_p_manure_png":{"x":647,"y":238,"w":92,"h":87,"offX":0,"offY":0,"sourceW":92,"sourceH":87},
"menu_p_plant_png":{"x":636,"y":327,"w":87,"h":87,"offX":0,"offY":0,"sourceW":87,"sourceH":87},
"menu_p_put_water_png":{"x":356,"y":272,"w":87,"h":88,"offX":0,"offY":0,"sourceW":87,"sourceH":88},
"menu_p_rose_heart_png":{"x":828,"y":328,"w":87,"h":87,"offX":3,"offY":0,"sourceW":92,"sourceH":88},
"menu_p_uproot_png":{"x":178,"y":268,"w":87,"h":88,"offX":0,"offY":0,"sourceW":87,"sourceH":88},
"menu_top_log_png":{"x":547,"y":176,"w":98,"h":82,"offX":0,"offY":0,"sourceW":98,"sourceH":82},
"menu_top_pay_png":{"x":545,"y":350,"w":65,"h":83,"offX":0,"offY":0,"sourceW":65,"sourceH":83},
"menu_top_skin_png":{"x":0,"y":176,"w":85,"h":102,"offX":0,"offY":0,"sourceW":85,"sourceH":102},
"plant_state1_png":{"x":938,"y":188,"w":37,"h":40,"offX":0,"offY":0,"sourceW":37,"sourceH":40},
"plant_state2_png":{"x":977,"y":188,"w":37,"h":39,"offX":0,"offY":0,"sourceW":37,"sourceH":39},
"plant_state3_png":{"x":245,"y":362,"w":36,"h":40,"offX":0,"offY":0,"sourceW":36,"sourceH":40},
"top_png":{"x":0,"y":0,"w":646,"h":174,"offX":0,"offY":0,"sourceW":646,"sourceH":174},
"top2_png":{"x":648,"y":0,"w":362,"h":103,"offX":0,"offY":0,"sourceW":362,"sourceH":103},
"menu_gy_main_png":{"x":793,"y":105,"w":143,"h":131,"offX":0,"offY":0,"sourceW":143,"sourceH":131},
"menu_gy_gonggao_png":{"x":274,"y":176,"w":89,"h":94,"offX":1,"offY":1,"sourceW":93,"sourceH":98},
"menu_gy_gonglue_png":{"x":456,"y":176,"w":89,"h":93,"offX":1,"offY":2,"sourceW":93,"sourceH":98},
"menu_gy_guoyuan_png":{"x":365,"y":176,"w":89,"h":94,"offX":1,"offY":1,"sourceW":93,"sourceH":98},
"menu_gy_hangqing_png":{"x":917,"y":328,"w":89,"h":80,"offX":1,"offY":15,"sourceW":93,"sourceH":98}}}